{
  "music.main": {
    "category": "master",
    "subtitle": "subtitle.purple.music.main",
    "sounds": [
      {
        "name": "purple:music/main"
      }
    ]
  },
  "music.dead": {
    "category": "master",
    "subtitle": "subtitle.purple.music.dead",
    "sounds": [
      {
        "name": "purple:music/dead"
      }
    ]
  },
  "music.near_end": {
    "category": "master",
    "subtitle": "subtitle.purple.music.near_end",
    "sounds": [
      {
        "name": "purple:music/near_end"
      }
    ]
  },
  "music.end_hit": {
    "category": "master",
    "subtitle": "subtitle.purple.music.end_hit",
    "sounds": [
      {
        "name": "purple:music/end_hit"
      }
    ]
  }
}